{
  "token_ids": [
    "21742633143463906290569050155826241533067272736897614950488156847949938836455",
    "48331043336612883890938759509493159234755048973500640148014422747788308965732"
  ],
  "tokens_data": [
    {
      "token_id": "21742633143463906290569050155826241533067272736897614950488156847949938836455",
      "trades_quantity": 3450272,
      "buys_quantity": 1815044,
      "sells_quantity": 1635228,
      "buy_sell_ratio": 1.10996387048167,
      "buy_usdc": 682699077.505272,
      "sell_usdc": 536847532.950333,
      "total_usdc": 1219546610.455605
    },
    {
      "token_id": "48331043336612883890938759509493159234755048973500640148014422747788308965732",
      "trades_quantity": 1659347,
      "buys_quantity": 938249,
      "sells_quantity": 721098,
      "buy_sell_ratio": 1.3011393735664223,
      "buy_usdc": 265541549.508938,
      "sell_usdc": 151100062.51249,
      "total_usdc": 416641612.021428
    }
  ],
  "total_buy_usdc": 948240627.01421,
  "total_sell_usdc": 687947595.462823,
  "total_usdc": 1636188222.4770331,
  "total_trades": 5109619,
  "market_duration_days": 305,
  "avg_daily_volume": 5364551.549105027
}
